{"name":"eq","type":"selector","title":":eq() Selector","deprecated":null,"removed":null,"desc":"Select the element at index <code>n</code> within the matched set.","categories":["selectors/basic-filter-selectors","selectors/jquery-selector-extensions","version/1.0","version/1.8"],"entries":[{"return":"","signatures":[{"sample":":eq(index)","added":"1.0","argument":{"desc":"Zero-based index of the element to match.","name":"index","type":"Number"}},{"sample":":eq(-index)","added":"1.8","argument":{"desc":"Zero-based index of the element to match, counting backwards from the last element. ","name":"-index","type":"Integer"}}],"examples":[{"desc":"Find the third td.","code":"\n$( \"td:eq( 2 )\" ).css( \"color\", \"red\" );\n","html":"\n<table border=\"1\">\n  <tr><td>TD #0</td><td>TD #1</td><td>TD #2</td></tr>\n  <tr><td>TD #3</td><td>TD #4</td><td>TD #5</td></tr>\n  <tr><td>TD #6</td><td>TD #7</td><td>TD #8</td></tr>\n</table>\n"},{"height":"160","desc":"Apply three different styles to list items to demonstrate that <code>:eq()</code> is designed to select a single element while <code>:nth-child()</code> or <code>:eq()</code> within a looping construct such as <code>.each()</code> can select multiple elements.","code":"\n// Applies yellow background color to a single <li>\n$( \"ul.nav li:eq(1)\" ).css( \"backgroundColor\", \"#ff0\" );\n\n// Applies italics to text of the second <li> within each <ul class=\"nav\">\n$( \"ul.nav\" ).each(function( index ) {\n  $( this ).find( \"li:eq(1)\" ).css( \"fontStyle\", \"italic\" );\n});\n\n// Applies red text color to descendants of <ul class=\"nav\">\n// for each <li> that is the second child of its parent\n$( \"ul.nav li:nth-child(2)\" ).css( \"color\", \"red\" );\n","html":"\n<ul class=\"nav\">\n  <li>List 1, item 1</li>\n  <li>List 1, item 2</li>\n  <li>List 1, item 3</li>\n</ul>\n<ul class=\"nav\">\n  <li>List 2, item 1</li>\n  <li>List 2, item 2</li>\n  <li>List 2, item 3</li>\n</ul>\n"},{"desc":"Add a class to List 2, item 2 by targeting the second to last <li> ","css":"\n  .foo {\n    color: blue;\n    background-color: yellow;\n  }\n","code":"\n$( \"li:eq(-2)\" ).addClass( \"foo\" )\n","html":"\n<ul class=\"nav\">\n  <li>List 1, item 1</li>\n  <li>List 1, item 2</li>\n  <li>List 1, item 3</li>\n</ul>\n<ul class=\"nav\">\n  <li>List 2, item 1</li>\n  <li>List 2, item 2</li>\n  <li>List 2, item 3</li>\n</ul>\n"}],"longdesc":"\n    <p>The index-related selectors (<code>:eq()</code>, <code>:lt()</code>, <code>:gt()</code>, <code>:even</code>, <code>:odd</code>) filter the set of elements that have matched the expressions that precede them. They narrow the set down based on the order of the elements within this matched set. For example, if elements are first selected with a class selector (<code>.myclass</code>) and four elements are returned, these elements are given indices <code>0</code> through <code>3</code> for the purposes of these selectors.</p>\n    <p>Note that since JavaScript arrays use <em>0-based indexing</em>, these selectors reflect that fact. This is why <code>$( \".myclass:eq(1)\" )</code> selects the second element in the document with the class myclass, rather than the first. In contrast, <code>:nth-child(n)</code> uses <em>1-based indexing</em> to conform to the CSS specification.</p>\n    <p>Prior to jQuery 1.8, the <code>:eq(index)</code> selector did <em>not</em> accept a negative value for <code>index</code> (though the <a href=\"/eq/\"><code>.eq(index)</code></a> method did).</p>\n  "}],"slug":"eq-selector"}