{"name":"event.relatedTarget","type":"property","title":"event.relatedTarget","deprecated":null,"removed":null,"desc":"The other DOM element involved in the event, if any.","categories":["events/event-object","version/1.1.4"],"entries":[{"return":"Element","signatures":{"added":"1.1.4"},"examples":{"desc":"On mouseout of anchors, alert the element type being entered.","code":"\n$( \"a\" ).mouseout(function( event ) {\n  alert( event.relatedTarget.nodeName ); // \"DIV\"\n});\n"},"longdesc":"\n    <p>For <code>mouseout</code>, indicates the element being entered; for <code>mouseover</code>, indicates the element being exited. </p>\n  "}]}