{"name":"jQuery.browser","type":"property","title":"jQuery.browser","deprecated":"1.3","removed":"1.9","desc":"Contains flags for the useragent, read from navigator.userAgent. <strong>This property was removed in jQuery 1.9</strong> and is available only through the jQuery.migrate plugin. Please try to use feature detection instead.","categories":["properties/global-jquery-object-properties","utilities","version/1.0","version/1.1.3","deprecated/deprecated-1.3"],"entries":[{"return":"PlainObject","signatures":{"added":"1.0"},"examples":[{"desc":"Show the browser info.","code":"\njQuery.each( jQuery.browser, function( i, val ) {\n  $( \"<div>\" + i + \" : <span>\" + val + \"</span>\" )\n  .appendTo( document.body );\n});\n"},{"desc":"Return true if the current useragent is some version of Microsoft's Internet Explorer. <strong>Will not work in jQuery 1.9 or later</strong> unless the <ahref=\"https://github.com/jquery/jquery-migrate/#readme\">jQuery Migrate</a> plugin is included.","code":"\n$.browser.msie;\n"},{"desc":"Alert \"this is WebKit!\" only for WebKit browsers. <strong>Will not work in jQuery 1.9 or later</strong> unless the <ahref=\"https://github.com/jquery/jquery-migrate/#readme\">jQuery Migrate</a> plugin is included.","code":"\n  if ( $.browser.webkit ) {\n    alert( \"This is WebKit!\" );\n  }\n"}],"desc":"Contains flags for the useragent, read from navigator.userAgent. <strong>This property was removed in jQuery 1.9</strong> and is available only through the jQuery.migrate plugin. Please try to use feature detection instead.","longdesc":"\n      <p>The <code>$.browser</code> property provides information about the web browser that is accessing the page, as reported by the browser itself. It contains flags for each of the four most prevalent browser classes (Internet Explorer, Mozilla, Webkit, and Opera) as well as version information.</p>\n      <p>Available flags are:</p>\n      <ul>\n        <li>webkit (as of jQuery 1.4)</li>\n        <li>safari (deprecated)</li>\n        <li>opera</li>\n        <li>msie</li>\n        <li>mozilla</li>\n      </ul>\n      <p>This property is available immediately. It is therefore safe to use it to determine whether or not to call <code>$(document).ready()</code>.\n    The <code>$.browser</code> property is deprecated in jQuery 1.3, and its functionality may be moved to a team-supported plugin in a future release of jQuery.</p>\n      <p>Because <code>$.browser</code> uses <code>navigator.userAgent</code> to determine the platform, it is vulnerable to spoofing by the user or misrepresentation by the browser itself. It is always best to avoid browser-specific code entirely where possible. Instead of relying on <code>$.browser</code> it's better to use libraries like <a href=\"http://modernizr.com/\">Modernizr</a>.</p>\n    "},{"return":"String","signatures":{"added":"1.1.3"},"examples":[{"desc":"Return the version number of the rendering engine used by the user's current browser. For example, FireFox 4 returns 2.0 (the version of the Gecko rendering engine it utilizes). <strong>Will not work in jQuery 1.9 or later</strong> unless the <ahref=\"https://github.com/jquery/jquery-migrate/#readme\">jQuery Migrate</a> plugin is included.","code":"\n$( \"p\" ).html( \"The version # of the browser's rendering engine is: <span>\" +\n  $.browser.version + \"</span>\" );\n"},{"desc":"Alert the version of IE's rendering engine that is being used. <strong>Will not work in jQuery 1.9 or later</strong> unless the <ahref=\"https://github.com/jquery/jquery-migrate/#readme\">jQuery Migrate</a> plugin is included.","code":"\nif ( $.browser.msie ) {\n  alert( $.browser.version );\n}\n"}],"desc":"The version number of the rendering engine for the user's browser. <strong>This property was removed in jQuery 1.9</strong> and is available only through the jQuery.migrate plugin.","longdesc":"\n      <p>Here are some typical results:</p>\n      <ul>\n        <li>Internet Explorer: 6.0, 7.0, 8.0</li>\n        <li>Mozilla/Firefox/Flock/Camino: 1.7.12, 1.8.1.3, 1.9</li>\n        <li>Opera: 10.06, 11.01</li>\n        <li>Safari/Webkit: 312.8, 418.9</li>\n      </ul>\n      <p>Note that IE8 claims to be 7 in Compatibility View.</p>\n    "}]}