{"name":"jQuery.type","type":"method","title":"jQuery.type()","deprecated":null,"removed":null,"desc":"Determine the internal JavaScript [[Class]] of an object.","categories":["utilities","version/1.4.3"],"entries":[{"return":"String","signatures":{"added":"1.4.3","argument":{"desc":"Object to get the internal JavaScript [[Class]] of.","name":"obj","type":"PlainObject"}},"examples":{"desc":"Find out if the parameter is a RegExp.","code":"\n$( \"b\" ).append( \"\" + jQuery.type( /test/ ) );\n","html":"\nIs it a RegExp? <b></b>\n"},"longdesc":"\n    <p>A number of techniques are used to determine the exact return value for an object. The [[Class]] is determined as follows:</p>\n    <ul>\n      <li>If the object is undefined or null, then \"undefined\" or \"null\" is returned accordingly.\n        <ul>\n          <li>jQuery.type( undefined ) === \"undefined\"</li>\n          <li>jQuery.type() === \"undefined\"</li>\n          <li>jQuery.type( window.notDefined ) === \"undefined\"</li>\n          <li>jQuery.type( null ) === \"null\"</li>\n        </ul>\n      </li>\n      <li>If the argument is either a primitive value or an instance of a standard built-in ECMAScript object, the [[Class]] internal property is used to determine the type. (<a href=\"http://perfectionkills.com/instanceof-considered-harmful-or-how-to-write-a-robust-isarray/\">More details about this technique.</a>)\n        <ul>\n          <li>jQuery.type( true ) === \"boolean\"</li>\n          <li>jQuery.type( new Boolean() ) === \"boolean\"</li>\n          <li>jQuery.type( 3 ) === \"number\"</li>\n          <li>jQuery.type( new Number(3) ) === \"number\"</li>\n          <li>jQuery.type( \"test\" ) === \"string\"</li>\n          <li>jQuery.type( new String(\"test\") ) === \"string\"</li>\n          <li>jQuery.type( function(){} ) === \"function\"</li>\n          <li>jQuery.type( [] ) === \"array\"</li>\n          <li>jQuery.type( new Array() ) === \"array\"</li>\n          <li>jQuery.type( new Date() ) === \"date\"</li>\n          <li>jQuery.type( new Error() ) === \"error\" // <strong>as of jQuery 1.9</strong></li>\n          <li>jQuery.type( /test/ ) === \"regexp\"</li>\n        </ul>\n      </li>\n      <li>Everything else returns \"object\" as its type.</li>\n    </ul>\n  "}]}