{"name":"jQuery.extend","type":"method","title":"jQuery.extend()","deprecated":null,"removed":null,"desc":"Merge the contents of two or more objects together into the first object.","categories":["utilities","version/1.0"],"entries":[{"return":"Object","signatures":[{"added":"1.0","argument":[{"desc":" An object that will receive the new properties if additional objects are passed in or that will extend the jQuery namespace if it is the sole argument.","name":"target","type":"Object"},{"desc":"An object containing additional properties to merge in.","name":"object1","type":"Object","optional":"true"},{"desc":"Additional objects containing properties to merge in.","name":"objectN","optional":"true","type":"Object"}]},{"added":"1.1.4","argument":[{"desc":"If true, the merge becomes recursive (aka. deep copy).","name":"deep","optional":"true","type":"Boolean"},{"desc":"The object to extend. It will receive the new properties.","name":"target","type":"Object"},{"desc":"An object containing additional properties to merge in.","name":"object1","type":"Object"},{"desc":"Additional objects containing properties to merge in.","name":"objectN","optional":"true","type":"Object"}]}],"examples":[{"desc":"Merge two objects, modifying the first.","code":"\nvar object1 = {\n  apple: 0,\n  banana: { weight: 52, price: 100 },\n  cherry: 97\n};\nvar object2 = {\n  banana: { price: 200 },\n  durian: 100\n};\n\n// Merge object2 into object1\n$.extend( object1, object2 );\n\nvar printObj = typeof JSON !== \"undefined\" ? JSON.stringify : function( obj ) {\n  var arr = [];\n  $.each( obj, function( key, val ) {\n    var next = key + \": \";\n    next += $.isPlainObject( val ) ? printObj( val ) : val;\n    arr.push( next );\n  });\n  return \"{ \" +  arr.join( \", \" ) + \" }\";\n};\n\n$( \"#log\" ).append( printObj( object1 ) );\n","html":"\n<div id=\"log\"></div>\n"},{"desc":"Merge two objects recursively, modifying the first.","code":"\nvar object1 = {\n  apple: 0,\n  banana: { weight: 52, price: 100 },\n  cherry: 97\n};\nvar object2 = {\n  banana: { price: 200 },\n  durian: 100\n};\n\n// Merge object2 into object1, recursively\n$.extend( true, object1, object2 );\n\nvar printObj = typeof JSON !== \"undefined\" ? JSON.stringify : function( obj ) {\n  var arr = [];\n  $.each( obj, function( key, val ) {\n    var next = key + \": \";\n    next += $.isPlainObject( val ) ? printObj( val ) : val;\n    arr.push( next );\n  });\n  return \"{ \" +  arr.join( \", \" ) + \" }\";\n};\n\n$( \"#log\" ).append( printObj( object1 ) );\n","html":"\n<div id=\"log\"></div>\n"},{"desc":"Merge defaults and options, without modifying the defaults. This is a common plugin development pattern.","code":"\nvar defaults = { validate: false, limit: 5, name: \"foo\" };\nvar options = { validate: true, name: \"bar\" };\n\n// Merge defaults and options, without modifying defaults\nvar settings = $.extend( {}, defaults, options );\n\nvar printObj = typeof JSON !== \"undefined\" ? JSON.stringify : function( obj ) {\n  var arr = [];\n  $.each( obj, function( key, val ) {\n    var next = key + \": \";\n    next += $.isPlainObject( val ) ? printObj( val ) : val;\n    arr.push( next );\n  });\n  return \"{ \" +  arr.join( \", \" ) + \" }\";\n};\n\n$( \"#log\" ).append( \"<div><b>defaults -- </b>\" + printObj( defaults ) + \"</div>\" );\n$( \"#log\" ).append( \"<div><b>options -- </b>\" + printObj( options ) + \"</div>\" );\n$( \"#log\" ).append( \"<div><b>settings -- </b>\" + printObj( settings ) + \"</div>\" );\n","html":"\n<div id=\"log\"></div>\n"}],"longdesc":"\n    <p>When two or more object arguments are supplied to <code>$.extend()</code>, properties from all of the objects are added to the target object. Arguments that are <code>null</code> or <code>undefined</code> are ignored.</p>\n    <p>If only one argument is supplied to <code>$.extend()</code>, this means the target argument was omitted. In this case, the jQuery object itself is assumed to be the target. By doing this, you can add new functions to the jQuery namespace. This can be useful for plugin authors wishing to add new methods to JQuery.</p>\n    <p>Keep in mind that the target object (first argument) will be modified, and will also be returned from <code>$.extend()</code>. If, however, you want to preserve both of the original objects, you can do so by passing an empty object as the target:</p>\n    <pre><code>var object = $.extend({}, object1, object2);</code></pre>\n    <p>The merge performed by <code>$.extend()</code> is not recursive by default; if a property of the first object is itself an object or array, it will be completely overwritten by a property with the same key in the second or subsequent object. The values are not merged. This can be seen in the example below by examining the value of banana. However, by passing <code>true</code> for the first function argument, objects will be recursively merged.</p>\n    <p><strong>Warning</strong>: Passing <code>false</code> for the first argument is not supported.</p>\n    <p>Undefined properties are not copied. However, properties inherited from the object's prototype <em>will</em> be copied over. Properties that are an object constructed via <code>new MyCustomObject(args)</code>, or built-in JavaScript types such as Date or RegExp, are not re-constructed and will appear as plain Objects in the resulting object or array.</p>\n    <p>On a <code>deep</code> extend, Object and Array are extended, but object wrappers on primitive types such as String, Boolean, and Number are not. Deep-extending a cyclical data structure will result in an error.</p>\n    <p>For needs that fall outside of this behavior, write a custom extend method instead, or use a library like <a href=\"http://lodash.com\">lodash</a>. </p>\n  "}]}