{"name":"jQuery.noConflict","type":"method","title":"jQuery.noConflict()","deprecated":null,"removed":null,"desc":"Relinquish jQuery's control of the <code>$</code> variable.","categories":["core","miscellaneous/setup-methods","version/1.0"],"entries":[{"return":"Object","signatures":{"added":"1.0","argument":{"desc":"A Boolean indicating whether to remove all jQuery variables from the global scope (including jQuery itself).","name":"removeAll","type":"Boolean","optional":"true"}},"examples":[{"desc":"Map the original object that was referenced by $ back to $.","code":"\njQuery.noConflict();\n// Do something with jQuery\njQuery( \"div p\" ).hide();\n// Do something with another library's $()\n$( \"content\" ).style.display = \"none\";\n"},{"desc":"Revert the $ alias and then create and execute a function to provide the $ as a jQuery alias inside the function's scope. Inside the function the original $ object is not available. This works well for most plugins that don't rely on any other library.\n  ","code":"\njQuery.noConflict();\n(function( $ ) {\n  $(function() {\n    // More code using $ as alias to jQuery\n  });\n})(jQuery);\n\n// Other code using $ as an alias to the other library\n"},{"desc":"Create a different alias instead of jQuery to use in the rest of the script.","code":"\nvar j = jQuery.noConflict();\n\n// Do something with jQuery\nj( \"div p\" ).hide();\n\n// Do something with another library's $()\n$( \"content\" ).style.display = \"none\";\n"},{"desc":"Completely move jQuery to a new namespace in another object.","code":"\nvar dom = {};\ndom.query = jQuery.noConflict( true );\n","results":"\n// Do something with the new jQuery\ndom.query( \"div p\" ).hide();\n\n// Do something with another library's $()\n$( \"content\" ).style.display = \"none\";\n\n// Do something with another version of jQuery\njQuery( \"div > p\" ).hide();\n"},{"desc":"Load two versions of jQuery (not recommended). Then, restore jQuery's globally scoped variables to the first loaded jQuery.","html":"\n<div id=\"log\">\n  <h3>Before $.noConflict(true)</h3>\n</div>\n<script src=\"//code.jquery.com/jquery-1.6.2.js\"></script>\n","code":"\nvar $log = $( \"#log\" );\n\n$log.append( \"2nd loaded jQuery version ($): \" + $.fn.jquery + \"<br>\" );\n\n// Restore globally scoped jQuery variables to the first version loaded\n// (the newer version)\n\njq162 = jQuery.noConflict( true );\n\n$log.append( \"<h3>After $.noConflict(true)</h3>\" );\n$log.append( \"1st loaded jQuery version ($): \" + $.fn.jquery + \"<br>\" );\n$log.append( \"2nd loaded jQuery version (jq162): \" + jq162.fn.jquery + \"<br>\" );\n"}],"longdesc":"\n    <p>Many JavaScript libraries use <code>$</code> as a function or variable name, just as jQuery does. In jQuery's case, <code>$</code> is just an alias for <code>jQuery</code>, so all functionality is available without using <code>$</code>. If you need to use another JavaScript library alongside jQuery, return control of <code>$</code> back to the other library with a call to <code>$.noConflict()</code>. Old references of <code>$</code> are saved during jQuery initialization; <code>noConflict()</code> simply restores them.</p>\n    <p>If for some reason two versions of jQuery are loaded (which is not recommended), calling <code>$.noConflict( true )</code> from the second version will return the globally scoped jQuery variables to those of the first version.</p>\n    <pre><code>\n&lt;script src=\"other_lib.js\"&gt;&lt;/script&gt;\n&lt;script src=\"jquery.js\"&gt;&lt;/script&gt;\n&lt;script&gt;\n$.noConflict();\n// Code that uses other library's $ can follow here.\n&lt;/script&gt;\n    </code></pre>\n    <p>This technique is especially effective in conjunction with the <code>.ready()</code> method's ability to alias the jQuery object, as within callback passed to <code>.ready()</code> you can use <code>$</code> if you wish without fear of conflicts later:</p>\n    <pre><code>\n&lt;script src=\"other_lib.js\"&gt;&lt;/script&gt;\n&lt;script src=\"jquery.js\"&gt;&lt;/script&gt;\n&lt;script&gt;\n$.noConflict();\njQuery( document ).ready(function( $ ) {\n  // Code that uses jQuery's $ can follow here.\n});\n// Code that uses other library's $ can follow here.\n&lt;/script&gt;\n    </code></pre>\n    <p>If necessary, you can free up the <code>jQuery</code> name as well by passing <code>true</code> as an argument to the method. This is rarely necessary, and if you must do this (for example, if you need to use multiple versions of the jQuery library on the same page), you need to consider that most plug-ins rely on the presence of the <code>jQuery</code> variable and may not operate correctly in this situation.</p>\n  "}]}