{"name":"radio","type":"selector","title":":radio Selector","deprecated":null,"removed":null,"desc":"Selects all  elements of type radio.","categories":["selectors/form-selectors","selectors/jquery-selector-extensions","version/1.0"],"entries":[{"return":"","signatures":{"added":"1.0"},"examples":{"desc":"Finds all radio inputs.","code":"\nvar input = $( \"form input:radio\" )\n  .wrap( \"<span></span>\" )\n  .parent()\n    .css({\n      background: \"yellow\",\n      border: \"3px red solid\"\n    });\n\n$( \"div\" )\n  .text( \"For this type jQuery found \" + input.length + \".\" )\n  .css( \"color\", \"red\" );\n\n// Prevent form submission\n$( \"form\" ).submit(function( event ) {\n  event.preventDefault();\n});\n","css":"\n  textarea {\n    height: 25px;\n  }\n","html":"\n<form>\n  <input type=\"button\" value=\"Input Button\">\n  <input type=\"checkbox\">\n  <input type=\"file\">\n  <input type=\"hidden\">\n  <input type=\"image\">\n  <input type=\"password\">\n  <input type=\"radio\" name=\"asdf\">\n  <input type=\"radio\" name=\"asdf\">\n  <input type=\"reset\">\n  <input type=\"submit\">\n  <input type=\"text\">\n  <select>\n    <option>Option</option>\n  </select>\n  <textarea></textarea>\n  <button>Button</button>\n</form>\n<div></div>\n"},"longdesc":"\n    <p><code>$( \":radio\" )</code> is equivalent to <code>$( \"[type=radio]\" )</code>. As with other pseudo-class selectors (those that begin with a \":\") it is recommended to precede it with a tag name or some other selector; otherwise, the universal selector (\"*\") is implied. In other words, the bare <code>$( \":radio\" )</code> is equivalent to <code>$( \"*:radio\" )</code>, so <code>$( \"input:radio\" )</code> should be used instead. </p>\n    <p>To select a set of associated radio buttons, you might use: <code>$( \"input[name=gender]:radio\" )</code></p>\n  "}],"slug":"radio-selector"}